callId,queryId,split,positive,size,orderIndex,method,shownCount,approvedInPool,approvedShown,candidateRecall,bestTargetRank,bestTargetCosine,approvedPositions,decision,targetId,targetIsAnchor,outcome,correct,falseJoin,failure,attempts,retries,promptTokens,cachedTokens,cacheWriteTokens,completionTokens,reasoningTokens,billedUsd,undiscountedUsd,apiElapsedMs,retrievalMs,labelStatus,outcomeLenient,labelsFile,labelsSha256
"pxn3z-n200-o1-A","pxn3z","test","false","200","1","A","200","0","0","","","","","none","","false","correct","true","false","","1","0","5105","0","5102","82","37","0.0013745","0.0011194","1649.0283749999999","0","provisional","correct","frozen/labels.jsonl","eb7cd6c3ffbe7a1acbe1c7e52095331b2b492f4054d7e166a298e910dbfd6963"
"paak8-n500-o0-B","paak8","test","true","500","0","B","15","3","3","true","1","0.891907","1 8 11","same","pj2cj","true","correct","true","false","","1","0","778","0","0","184","133","0.0003764","0.0003764","2432.593042","0.7611249999999998","provisional","correct","frozen/labels.jsonl","eb7cd6c3ffbe7a1acbe1c7e52095331b2b492f4054d7e166a298e910dbfd6963"
"ptcr8-n500-o1-B","ptcr8","test","false","500","1","B","15","0","0","","","","","none","","false","correct","true","false","","1","0","600","0","0","89","46","0.0002268","0.0002268","1479.5124999999998","0.8465419999999995","provisional","miss-abstain","frozen/labels.jsonl","eb7cd6c3ffbe7a1acbe1c7e52095331b2b492f4054d7e166a298e910dbfd6963"
"ptgpf-n500-o1-B","ptgpf","test","true","500","1","B","15","3","3","true","2","0.913979","5 11 13","same","psnvi","true","correct","true","false","","1","0","576","0","0","42","0","0.0001656","0.0001656","1179.9730829999999","0.8322089999999989","provisional","correct","frozen/labels.jsonl","eb7cd6c3ffbe7a1acbe1c7e52095331b2b492f4054d7e166a298e910dbfd6963"
"peqy9-n100-o1-A","peqy9","test","true","100","1","A","100","1","1","true","1","0.906549","50","none","","false","miss-abstain","false","false","","1","0","2749","0","2746","162","105","0.0008815","0.0007442000000000001","2249.7690420000004","0","provisional","miss-abstain","frozen/labels.jsonl","eb7cd6c3ffbe7a1acbe1c7e52095331b2b492f4054d7e166a298e910dbfd6963"
"pu3fh-n100-o0-A","pu3fh","test","false","100","0","A","100","0","0","","","","","none","","false","correct","true","false","","1","0","2714","0","2711","134","80","0.00083915","0.0007036","1924.0988750000001","0","provisional","miss-abstain","frozen/labels.jsonl","eb7cd6c3ffbe7a1acbe1c7e52095331b2b492f4054d7e166a298e910dbfd6963"
"pc3m2-n100-o0-A","pc3m2","test","true","100","0","A","100","1","1","true","1","0.879539","5","none","","false","miss-abstain","false","false","","1","0","2773","0","2770","139","88","0.0008599","0.0007214","2474.53025","0","provisional","miss-abstain","frozen/labels.jsonl","eb7cd6c3ffbe7a1acbe1c7e52095331b2b492f4054d7e166a298e910dbfd6963"
"p8jmp-n200-o0-A","p8jmp","test","false","200","0","A","200","0","0","","","","","none","","false","correct","true","false","","1","0","5129","0","5126","102","57","0.0014045","0.0011482","1522.7282919999998","0","provisional","miss-abstain","frozen/labels.jsonl","eb7cd6c3ffbe7a1acbe1c7e52095331b2b492f4054d7e166a298e910dbfd6963"
"pns2r-n100-o0-A","pns2r","test","false","100","0","A","100","0","0","","","","","none","","false","correct","true","false","","1","0","2741","0","2738","96","47","0.0008003","0.0006634000000000001","3603.4008750000003","0","provisional","correct","frozen/labels.jsonl","eb7cd6c3ffbe7a1acbe1c7e52095331b2b492f4054d7e166a298e910dbfd6963"
"pxn3z-n500-o0-A","pxn3z","test","false","500","0","A","500","0","0","","","","","none","","false","correct","true","false","","1","0","12458","0","12455","95","51","0.00322835","0.0026056000000000005","2205.8369170000005","0","provisional","correct","frozen/labels.jsonl","eb7cd6c3ffbe7a1acbe1c7e52095331b2b492f4054d7e166a298e910dbfd6963"
"pktbx-n100-o0-A","pktbx","test","true","100","0","A","100","2","2","true","1","0.887918","2 5","same","pcv53","true","correct","true","false","","1","0","2737","0","2734","178","131","0.0008977000000000002","0.000761","2146.296124999999","0","provisional","correct","frozen/labels.jsonl","eb7cd6c3ffbe7a1acbe1c7e52095331b2b492f4054d7e166a298e910dbfd6963"
"peqy9-n200-o1-B","peqy9","test","true","200","1","B","15","1","1","true","1","0.906549","9","none","","false","miss-abstain","false","false","","1","0","629","0","0","154","103","0.0003106","0.0003106","2413.474333","0.3171249999999901","provisional","miss-abstain","frozen/labels.jsonl","eb7cd6c3ffbe7a1acbe1c7e52095331b2b492f4054d7e166a298e910dbfd6963"
"pyr2u-n500-o0-B","pyr2u","test","true","500","0","B","15","1","1","true","1","0.919901","0","same","pfwr5","true","correct","true","false","","1","0","673","0","0","93","47","0.00024619999999999997","0.00024619999999999997","1512.7866250000006","0.8645000000000067","provisional","correct","frozen/labels.jsonl","eb7cd6c3ffbe7a1acbe1c7e52095331b2b492f4054d7e166a298e910dbfd6963"
"pppcy-n100-o0-B","pppcy","test","false","100","0","B","15","0","0","","","","","none","","false","correct","true","false","","1","0","654","0","0","99","45","0.00024960000000000005","0.00024960000000000005","1670.327792","0.17249999999999943","provisional","miss-abstain","frozen/labels.jsonl","eb7cd6c3ffbe7a1acbe1c7e52095331b2b492f4054d7e166a298e910dbfd6963"
"pktbx-n100-o1-A","pktbx","test","true","100","1","A","100","2","2","true","1","0.887918","50 57","same","pcv53","true","correct","true","false","","1","0","2737","0","2734","404","362","0.0011689","0.0010321999999999998","3975.8742500000008","0","provisional","correct","frozen/labels.jsonl","eb7cd6c3ffbe7a1acbe1c7e52095331b2b492f4054d7e166a298e910dbfd6963"
"pnyg7-n100-o1-A","pnyg7","test","true","100","1","A","100","1","1","true","1","0.912505","50","same","pptwk","true","correct","true","false","","1","0","2717","0","2714","115","69","0.0008171000000000002","0.0006814","1778.4582079999982","0","provisional","correct","frozen/labels.jsonl","eb7cd6c3ffbe7a1acbe1c7e52095331b2b492f4054d7e166a298e910dbfd6963"
"pppcy-n500-o1-A","pppcy","test","false","500","1","A","500","0","0","","","","","none","","false","correct","true","false","","1","0","12549","0","12546","93","41","0.0032487","0.0026214000000000003","1665.3940000000002","0","provisional","miss-abstain","frozen/labels.jsonl","eb7cd6c3ffbe7a1acbe1c7e52095331b2b492f4054d7e166a298e910dbfd6963"
"p6xjr-n200-o0-B","p6xjr","test","true","200","0","B","15","1","1","true","1","0.944517","1","none","","false","miss-abstain","false","false","","1","0","694","0","0","149","99","0.0003176","0.0003176","2174.0313749999987","0.2978750000000048","provisional","miss-abstain","frozen/labels.jsonl","eb7cd6c3ffbe7a1acbe1c7e52095331b2b492f4054d7e166a298e910dbfd6963"
"pu3fh-n500-o0-B","pu3fh","test","false","500","0","B","15","0","0","","","","","none","","false","correct","true","false","","1","0","642","0","0","139","86","0.00029519999999999997","0.00029519999999999997","1920.3945410000015","0.8100839999999963","provisional","miss-abstain","frozen/labels.jsonl","eb7cd6c3ffbe7a1acbe1c7e52095331b2b492f4054d7e166a298e910dbfd6963"
"pc3m2-n100-o0-B","pc3m2","test","true","100","0","B","15","1","1","true","1","0.879539","0","none","","false","miss-abstain","false","false","","1","0","685","0","0","180","125","0.000353","0.000353","2170.2323749999996","0.1561670000000035","provisional","miss-abstain","frozen/labels.jsonl","eb7cd6c3ffbe7a1acbe1c7e52095331b2b492f4054d7e166a298e910dbfd6963"
"pnyg7-n100-o0-A","pnyg7","test","true","100","0","A","100","1","1","true","1","0.912505","5","none","","false","miss-abstain","false","false","","1","0","2717","0","2714","141","90","0.0008483000000000002","0.0007125999999999999","3226.635707999998","0","provisional","miss-abstain","frozen/labels.jsonl","eb7cd6c3ffbe7a1acbe1c7e52095331b2b492f4054d7e166a298e910dbfd6963"
"peqy9-n100-o0-A","peqy9","test","true","100","0","A","100","1","1","true","1","0.906549","5","none","","false","miss-abstain","false","false","","1","0","2749","0","2746","158","107","0.0008767","0.0007394000000000001","2412.919332999998","0","provisional","miss-abstain","frozen/labels.jsonl","eb7cd6c3ffbe7a1acbe1c7e52095331b2b492f4054d7e166a298e910dbfd6963"
"pyr2u-n100-o1-A","pyr2u","test","true","100","1","A","100","1","1","true","1","0.919901","50","same","pfwr5","true","correct","true","false","","1","0","2747","0","2744","41","0","0.0007358000000000002","0.0005986","1206.2045419999995","0","provisional","correct","frozen/labels.jsonl","eb7cd6c3ffbe7a1acbe1c7e52095331b2b492f4054d7e166a298e910dbfd6963"
"pymzr-n100-o0-A","pymzr","test","true","100","0","A","100","1","1","true","1","0.94721","5","none","","false","miss-abstain","false","false","","1","0","2723","0","2720","110","68","0.0008126","0.0006766000000000001","1741.0540419999998","0","provisional","miss-abstain","frozen/labels.jsonl","eb7cd6c3ffbe7a1acbe1c7e52095331b2b492f4054d7e166a298e910dbfd6963"
"paak8-n200-o1-B","paak8","test","true","200","1","B","15","3","3","true","1","0.891907","0 7 10","none","","false","miss-abstain","false","false","","1","0","787","0","0","251","203","0.00045860000000000003","0.00045860000000000003","2727.1585000000014","0.3318750000000037","provisional","miss-abstain","frozen/labels.jsonl","eb7cd6c3ffbe7a1acbe1c7e52095331b2b492f4054d7e166a298e910dbfd6963"
"pns2r-n200-o0-A","pns2r","test","false","200","0","A","200","0","0","","","","","none","","false","correct","true","false","","1","0","5149","0","5146","37","0","0.0013315","0.0010742","1109.6451250000027","0","provisional","correct","frozen/labels.jsonl","eb7cd6c3ffbe7a1acbe1c7e52095331b2b492f4054d7e166a298e910dbfd6963"
"pnyg7-n100-o1-B","pnyg7","test","true","100","1","B","15","1","1","true","1","0.912505","8","none","","false","miss-abstain","false","false","","1","0","703","0","0","171","122","0.00034579999999999995","0.00034579999999999995","2232.2360420000005","0.15200000000000102","provisional","miss-abstain","frozen/labels.jsonl","eb7cd6c3ffbe7a1acbe1c7e52095331b2b492f4054d7e166a298e910dbfd6963"
"ptcr8-n100-o0-B","ptcr8","test","false","100","0","B","15","0","0","","","","","none","","false","correct","true","false","","1","0","626","0","0","90","41","0.00023319999999999998","0.00023319999999999998","1584.419708999998","0.1693339999999992","provisional","miss-abstain","frozen/labels.jsonl","eb7cd6c3ffbe7a1acbe1c7e52095331b2b492f4054d7e166a298e910dbfd6963"
"peqy9-n500-o0-B","peqy9","test","true","500","0","B","15","1","1","true","1","0.906549","0","none","","false","miss-abstain","false","false","","1","0","619","0","0","151","99","0.000305","0.000305","2119.4369589999988","0.8169999999999931","provisional","miss-abstain","frozen/labels.jsonl","eb7cd6c3ffbe7a1acbe1c7e52095331b2b492f4054d7e166a298e910dbfd6963"
"pymzr-n500-o0-A","pymzr","test","true","500","0","A","500","1","1","true","1","0.94721","25","none","","false","miss-abstain","false","false","","1","0","12534","0","12531","117","74","0.0032737500000000006","0.0026472","1703.0854590000017","0","provisional","miss-abstain","frozen/labels.jsonl","eb7cd6c3ffbe7a1acbe1c7e52095331b2b492f4054d7e166a298e910dbfd6963"
"paak8-n100-o1-B","paak8","test","true","100","1","B","15","3","3","true","1","0.891907","4 5 12","none","","false","miss-abstain","false","false","","1","0","791","0","0","209","162","0.000409","0.000409","2543.2209159999984","0.15995899999999352","provisional","miss-abstain","frozen/labels.jsonl","eb7cd6c3ffbe7a1acbe1c7e52095331b2b492f4054d7e166a298e910dbfd6963"
"paak8-n500-o0-A","paak8","test","true","500","0","A","500","3","3","true","1","0.891907","25 374 412","same","pj2cj","true","correct","true","false","","1","0","12552","0","12549","264","210","0.00345465","0.0028272","2747.521332999997","0","provisional","correct","frozen/labels.jsonl","eb7cd6c3ffbe7a1acbe1c7e52095331b2b492f4054d7e166a298e910dbfd6963"
"ptgpf-n500-o0-B","ptgpf","test","true","500","0","B","15","3","3","true","2","0.913979","0 5 12","none","","false","miss-abstain","false","false","","1","0","576","0","0","334","289","0.000516","0.000516","4050.5769590000054","0.8322089999999989","provisional","miss-abstain","frozen/labels.jsonl","eb7cd6c3ffbe7a1acbe1c7e52095331b2b492f4054d7e166a298e910dbfd6963"
"pymzr-n200-o0-A","pymzr","test","true","200","0","A","200","1","1","true","1","0.94721","10","none","","false","miss-abstain","false","false","","1","0","5165","0","5162","138","89","0.0014566999999999998","0.0011986","1635.3302500000063","0","provisional","miss-abstain","frozen/labels.jsonl","eb7cd6c3ffbe7a1acbe1c7e52095331b2b492f4054d7e166a298e910dbfd6963"
"pktbx-n500-o1-B","pktbx","test","true","500","1","B","15","2","2","true","2","0.887918","6 13","none","","false","miss-abstain","false","false","","1","0","596","0","0","284","232","0.00046","0.00046","2962.079291000002","2.571458000000007","provisional","miss-abstain","frozen/labels.jsonl","eb7cd6c3ffbe7a1acbe1c7e52095331b2b492f4054d7e166a298e910dbfd6963"
"ptgpf-n500-o0-A","ptgpf","test","true","500","0","A","500","3","3","true","2","0.913979","25 114 293","same","psnvi","true","correct","true","false","","1","0","12487","0","12484","142","102","0.003292","0.0026678","2212.8289159999986","0","provisional","correct","frozen/labels.jsonl","eb7cd6c3ffbe7a1acbe1c7e52095331b2b492f4054d7e166a298e910dbfd6963"
"pnyg7-n500-o1-B","pnyg7","test","true","500","1","B","15","1","1","true","1","0.912505","7","none","","false","miss-abstain","false","false","","1","0","691","0","0","195","145","0.00037220000000000005","0.00037220000000000005","2346.4144579999993","0.8124579999999995","provisional","miss-abstain","frozen/labels.jsonl","eb7cd6c3ffbe7a1acbe1c7e52095331b2b492f4054d7e166a298e910dbfd6963"
"paak8-n500-o1-A","paak8","test","true","500","1","A","500","3","3","true","1","0.891907","111 250 322","same","pj2cj","true","correct","true","false","","1","0","12552","0","12549","252","201","0.00344025","0.0028128000000000003","2460.7062499999956","0","provisional","correct","frozen/labels.jsonl","eb7cd6c3ffbe7a1acbe1c7e52095331b2b492f4054d7e166a298e910dbfd6963"
"pudtd-n500-o0-A","pudtd","test","false","500","0","A","500","0","0","","","","","none","","false","correct","true","false","","1","0","12513","0","12510","243","189","0.0034197","0.0027942","2585.0542920000007","0","provisional","miss-abstain","frozen/labels.jsonl","eb7cd6c3ffbe7a1acbe1c7e52095331b2b492f4054d7e166a298e910dbfd6963"
"ptgpf-n100-o1-A","ptgpf","test","true","100","1","A","100","3","3","true","2","0.913979","30 50 94","none","","false","miss-abstain","false","false","","1","0","2694","0","2691","205","159","0.00091935","0.0007848000000000001","2756.7338329999984","0","provisional","miss-abstain","frozen/labels.jsonl","eb7cd6c3ffbe7a1acbe1c7e52095331b2b492f4054d7e166a298e910dbfd6963"
"pppcy-n100-o1-B","pppcy","test","false","100","1","B","15","0","0","","","","","none","","false","correct","true","false","","1","0","654","0","0","105","54","0.0002568","0.0002568","1676.090833000002","0.17249999999999943","provisional","miss-abstain","frozen/labels.jsonl","eb7cd6c3ffbe7a1acbe1c7e52095331b2b492f4054d7e166a298e910dbfd6963"
"ptcr8-n200-o0-B","ptcr8","test","false","200","0","B","15","0","0","","","","","none","","false","correct","true","false","","1","0","635","0","0","102","59","0.0002494","0.0002494","1332.242667000006","0.33387499999999903","provisional","miss-abstain","frozen/labels.jsonl","eb7cd6c3ffbe7a1acbe1c7e52095331b2b492f4054d7e166a298e910dbfd6963"
"pudtd-n100-o0-A","pudtd","test","false","100","0","A","100","0","0","","","","","none","","false","correct","true","false","","1","0","2715","0","2712","51","0","0.0007398000000000001","0.0006042","1165.5159580000036","0","provisional","miss-abstain","frozen/labels.jsonl","eb7cd6c3ffbe7a1acbe1c7e52095331b2b492f4054d7e166a298e910dbfd6963"
"pqeyn-n500-o0-B","pqeyn","test","false","500","0","B","15","0","0","","","","","none","","false","correct","true","false","","1","0","645","0","0","111","52","0.0002622","0.0002622","1766.6212920000035","0.7787500000000023","provisional","miss-abstain","frozen/labels.jsonl","eb7cd6c3ffbe7a1acbe1c7e52095331b2b492f4054d7e166a298e910dbfd6963"
"ptwgu-n100-o0-A","ptwgu","test","true","100","0","A","100","1","1","true","2","0.909768","5","none","","false","miss-abstain","false","false","","1","0","2683","0","2680","343","290","0.0010822","0.0009482000000000001","3688.2186250000013","0","provisional","miss-abstain","frozen/labels.jsonl","eb7cd6c3ffbe7a1acbe1c7e52095331b2b492f4054d7e166a298e910dbfd6963"
"pqeyn-n100-o1-B","pqeyn","test","false","100","1","B","15","0","0","","","","","none","","false","correct","true","false","","1","0","620","0","0","113","65","0.0002596","0.0002596","1491.7300000000032","0.1495829999999998","provisional","miss-abstain","frozen/labels.jsonl","eb7cd6c3ffbe7a1acbe1c7e52095331b2b492f4054d7e166a298e910dbfd6963"
"p68um-n200-o0-A","p68um","test","false","200","0","A","200","0","0","","","","","none","","false","correct","true","false","","1","0","5130","0","5127","110","70","0.00141435","0.001158","1720.7457090000025","0","provisional","correct","frozen/labels.jsonl","eb7cd6c3ffbe7a1acbe1c7e52095331b2b492f4054d7e166a298e910dbfd6963"
"paak8-n200-o0-A","paak8","test","true","200","0","A","200","3","3","true","1","0.891907","10 39 52","same","pj2cj","true","correct","true","false","","1","0","5205","0","5202","350","299","0.0017211","0.001461","3488.6210830000055","0","provisional","correct","frozen/labels.jsonl","eb7cd6c3ffbe7a1acbe1c7e52095331b2b492f4054d7e166a298e910dbfd6963"
"p6xjr-n100-o1-B","p6xjr","test","true","100","1","B","15","1","1","true","1","0.944517","5","none","","false","miss-abstain","false","false","","1","0","679","0","0","172","116","0.0003422","0.0003422","2136.9219169999997","0.16779100000000824","provisional","miss-abstain","frozen/labels.jsonl","eb7cd6c3ffbe7a1acbe1c7e52095331b2b492f4054d7e166a298e910dbfd6963"
"ptcr8-n100-o1-B","ptcr8","test","false","100","1","B","15","0","0","","","","","none","","false","correct","true","false","","1","0","626","0","0","86","43","0.0002284","0.0002284","1233.799791999998","0.1693339999999992","provisional","miss-abstain","frozen/labels.jsonl","eb7cd6c3ffbe7a1acbe1c7e52095331b2b492f4054d7e166a298e910dbfd6963"
"pudtd-n500-o1-B","pudtd","test","false","500","1","B","15","0","0","","","","","none","","false","correct","true","false","","1","0","566","0","0","48","0","0.0001708","0.0001708","1188.360916000005","0.8208750000000009","provisional","miss-abstain","frozen/labels.jsonl","eb7cd6c3ffbe7a1acbe1c7e52095331b2b492f4054d7e166a298e910dbfd6963"
"pymzr-n200-o1-B","pymzr","test","true","200","1","B","15","1","1","true","1","0.94721","4","same","pt458","true","correct","true","false","","1","0","730","0","0","43","0","0.0001976","0.0001976","1012.5028329999986","0.31733300000000497","provisional","correct","frozen/labels.jsonl","eb7cd6c3ffbe7a1acbe1c7e52095331b2b492f4054d7e166a298e910dbfd6963"
"pugud-n200-o1-B","pugud","test","false","200","1","B","15","0","0","","","","","none","","false","correct","true","false","","1","0","640","0","0","125","75","0.000278","0.000278","1655.229707999999","0.3158329999999978","provisional","miss-abstain","frozen/labels.jsonl","eb7cd6c3ffbe7a1acbe1c7e52095331b2b492f4054d7e166a298e910dbfd6963"
"ptwgu-n200-o1-B","ptwgu","test","true","200","1","B","15","1","1","true","2","0.909768","6","none","","false","miss-abstain","false","false","","1","0","631","0","0","184","129","0.000347","0.000347","2794.3505829999995","0.3064999999999998","provisional","miss-abstain","frozen/labels.jsonl","eb7cd6c3ffbe7a1acbe1c7e52095331b2b492f4054d7e166a298e910dbfd6963"
"pnyg7-n200-o1-B","pnyg7","test","true","200","1","B","15","1","1","true","1","0.912505","5","none","","false","miss-abstain","false","false","","1","0","692","0","0","178","125","0.000352","0.000352","2119.0583750000005","0.30491599999999863","provisional","miss-abstain","frozen/labels.jsonl","eb7cd6c3ffbe7a1acbe1c7e52095331b2b492f4054d7e166a298e910dbfd6963"
"pns2r-n500-o1-A","pns2r","test","false","500","1","A","500","0","0","","","","","none","","false","correct","true","false","","1","0","12549","0","12546","40","0","0.0031851","0.0025578000000000003","1015.5597909999997","0","provisional","correct","frozen/labels.jsonl","eb7cd6c3ffbe7a1acbe1c7e52095331b2b492f4054d7e166a298e910dbfd6963"
"pymzr-n100-o1-A","pymzr","test","true","100","1","A","100","1","1","true","1","0.94721","50","none","","false","miss-abstain","false","false","","1","0","2723","0","2720","118","77","0.0008222","0.0006862000000000001","1555.0417499999967","0","provisional","miss-abstain","frozen/labels.jsonl","eb7cd6c3ffbe7a1acbe1c7e52095331b2b492f4054d7e166a298e910dbfd6963"
"pxn3z-n500-o0-B","pxn3z","test","false","500","0","B","15","0","0","","","","","none","","false","correct","true","false","","1","0","688","0","0","80","30","0.00023359999999999999","0.00023359999999999999","1525.4822080000013","0.8022080000000003","provisional","correct","frozen/labels.jsonl","eb7cd6c3ffbe7a1acbe1c7e52095331b2b492f4054d7e166a298e910dbfd6963"
"pqeyn-n200-o0-A","pqeyn","test","false","200","0","A","200","0","0","","","","","none","","false","correct","true","false","","1","0","5155","0","5152","142","92","0.001459","0.0012014","2038.6675000000032","0","provisional","miss-abstain","frozen/labels.jsonl","eb7cd6c3ffbe7a1acbe1c7e52095331b2b492f4054d7e166a298e910dbfd6963"
"pudtd-n200-o1-A","pudtd","test","false","200","1","A","200","0","0","","","","","none","","false","correct","true","false","","1","0","5183","0","5180","175","123","0.0015056","0.0012466","2406.1410839999953","0","provisional","miss-abstain","frozen/labels.jsonl","eb7cd6c3ffbe7a1acbe1c7e52095331b2b492f4054d7e166a298e910dbfd6963"
"pnyg7-n200-o0-B","pnyg7","test","true","200","0","B","15","1","1","true","1","0.912505","0","none","","false","miss-abstain","false","false","","1","0","692","0","0","140","92","0.00030639999999999997","0.00030639999999999997","2260.0403339999975","0.30491599999999863","provisional","miss-abstain","frozen/labels.jsonl","eb7cd6c3ffbe7a1acbe1c7e52095331b2b492f4054d7e166a298e910dbfd6963"
"peqy9-n100-o0-B","peqy9","test","true","100","0","B","15","1","1","true","1","0.906549","1","none","","false","miss-abstain","false","false","","1","0","633","0","0","182","127","0.000345","0.000345","2246.7296669999996","0.1636659999999921","provisional","miss-abstain","frozen/labels.jsonl","eb7cd6c3ffbe7a1acbe1c7e52095331b2b492f4054d7e166a298e910dbfd6963"
"paak8-n200-o0-B","paak8","test","true","200","0","B","15","3","3","true","1","0.891907","0 2 4","same","pj2cj","true","correct","true","false","","1","0","787","0","0","195","144","0.00039139999999999997","0.00039139999999999997","2401.8213749999995","0.3318750000000037","provisional","correct","frozen/labels.jsonl","eb7cd6c3ffbe7a1acbe1c7e52095331b2b492f4054d7e166a298e910dbfd6963"
"pyr2u-n500-o0-A","pyr2u","test","true","500","0","A","500","1","1","true","1","0.919901","25","same","pfwr5","true","correct","true","false","","1","0","12538","0","12535","89","44","0.00324115","0.0026144000000000007","1607.2882910000044","0","provisional","correct","frozen/labels.jsonl","eb7cd6c3ffbe7a1acbe1c7e52095331b2b492f4054d7e166a298e910dbfd6963"
"pudtd-n100-o1-A","pudtd","test","false","100","1","A","100","0","0","","","","","none","","false","correct","true","false","","1","0","2715","0","2712","270","219","0.0010026","0.000867","3121.4136670000007","0","provisional","miss-abstain","frozen/labels.jsonl","eb7cd6c3ffbe7a1acbe1c7e52095331b2b492f4054d7e166a298e910dbfd6963"
"p68um-n100-o0-A","p68um","test","false","100","0","A","100","0","0","","","","","none","","false","correct","true","false","","1","0","2699","0","2696","110","59","0.0008066","0.0006718000000000001","1751.488584000006","0","provisional","correct","frozen/labels.jsonl","eb7cd6c3ffbe7a1acbe1c7e52095331b2b492f4054d7e166a298e910dbfd6963"
"pugud-n100-o1-B","pugud","test","false","100","1","B","15","0","0","","","","","none","","false","correct","true","false","","1","0","661","0","0","144","97","0.000305","0.000305","1924.1031249999942","0.1611249999999984","provisional","miss-abstain","frozen/labels.jsonl","eb7cd6c3ffbe7a1acbe1c7e52095331b2b492f4054d7e166a298e910dbfd6963"
"pnyg7-n500-o0-B","pnyg7","test","true","500","0","B","15","1","1","true","1","0.912505","0","none","","false","miss-abstain","false","false","","1","0","691","0","0","136","82","0.00030139999999999995","0.00030139999999999995","1951.3634170000005","0.8124579999999995","provisional","miss-abstain","frozen/labels.jsonl","eb7cd6c3ffbe7a1acbe1c7e52095331b2b492f4054d7e166a298e910dbfd6963"
"pktbx-n200-o1-A","pktbx","test","true","200","1","A","200","2","2","true","1","0.887918","100 122","none","","false","miss-abstain","false","false","","1","0","5174","0","5171","171","122","0.00149855","0.00124","2237.164916000009","0","provisional","miss-abstain","frozen/labels.jsonl","eb7cd6c3ffbe7a1acbe1c7e52095331b2b492f4054d7e166a298e910dbfd6963"
"p6xjr-n500-o0-A","p6xjr","test","true","500","0","A","500","1","1","true","1","0.944517","25","none","","false","miss-abstain","false","false","","1","0","12521","0","12518","215","161","0.0033881000000000002","0.0027622000000000002","3810.900416999997","0","provisional","miss-abstain","frozen/labels.jsonl","eb7cd6c3ffbe7a1acbe1c7e52095331b2b492f4054d7e166a298e910dbfd6963"
"pymzr-n100-o0-B","pymzr","test","true","100","0","B","15","1","1","true","1","0.94721","1","none","","false","miss-abstain","false","false","","1","0","732","0","0","132","81","0.00030480000000000004","0.00030480000000000004","2225.6776249999966","0.16275000000000261","provisional","miss-abstain","frozen/labels.jsonl","eb7cd6c3ffbe7a1acbe1c7e52095331b2b492f4054d7e166a298e910dbfd6963"
"p8jmp-n500-o1-A","p8jmp","test","false","500","1","A","500","0","0","","","","","none","","false","correct","true","false","","1","0","12495","0","12492","99","45","0.0032424","0.0026178","1641.9411669999972","0","provisional","miss-abstain","frozen/labels.jsonl","eb7cd6c3ffbe7a1acbe1c7e52095331b2b492f4054d7e166a298e910dbfd6963"
"pu3fh-n500-o1-A","pu3fh","test","false","500","1","A","500","0","0","","","","","none","","false","correct","true","false","","1","0","12528","0","12525","130","79","0.0032878499999999997","0.0026616000000000005","1906.2225420000032","0","provisional","miss-abstain","frozen/labels.jsonl","eb7cd6c3ffbe7a1acbe1c7e52095331b2b492f4054d7e166a298e910dbfd6963"
"pns2r-n500-o1-B","pns2r","test","false","500","1","B","15","0","0","","","","","none","","false","correct","true","false","","1","0","647","0","0","47","0","0.00018580000000000002","0.00018580000000000002","1139.8217500000028","0.8030410000000003","provisional","correct","frozen/labels.jsonl","eb7cd6c3ffbe7a1acbe1c7e52095331b2b492f4054d7e166a298e910dbfd6963"
"pugud-n100-o0-A","pugud","test","false","100","0","A","100","0","0","","","","","none","","false","correct","true","false","","1","0","2717","0","2714","139","90","0.0008459000000000001","0.0007101999999999999","1790.5366249999934","0","provisional","miss-abstain","frozen/labels.jsonl","eb7cd6c3ffbe7a1acbe1c7e52095331b2b492f4054d7e166a298e910dbfd6963"
"pnyg7-n200-o1-A","pnyg7","test","true","200","1","A","200","1","1","true","1","0.912505","100","same","pptwk","true","correct","true","false","","1","0","5077","0","5074","103","57","0.0013926999999999998","0.001139","1747.8765829999902","0","provisional","correct","frozen/labels.jsonl","eb7cd6c3ffbe7a1acbe1c7e52095331b2b492f4054d7e166a298e910dbfd6963"
"pymzr-n500-o1-B","pymzr","test","true","500","1","B","15","1","1","true","1","0.94721","6","none","","false","miss-abstain","false","false","","1","0","705","0","0","119","74","0.00028379999999999996","0.00028379999999999996","1826.5489159999997","0.811916999999994","provisional","miss-abstain","frozen/labels.jsonl","eb7cd6c3ffbe7a1acbe1c7e52095331b2b492f4054d7e166a298e910dbfd6963"
"pc3m2-n200-o1-B","pc3m2","test","true","200","1","B","15","1","1","true","1","0.879539","7","none","","false","miss-abstain","false","false","","1","0","707","0","0","152","102","0.0003238","0.0003238","1927.7535000000062","0.37279099999999943","provisional","miss-abstain","frozen/labels.jsonl","eb7cd6c3ffbe7a1acbe1c7e52095331b2b492f4054d7e166a298e910dbfd6963"
"pktbx-n500-o1-A","pktbx","test","true","500","1","A","500","2","2","true","2","0.887918","250 478","same","pcv53","true","correct","true","false","","1","0","12568","0","12565","167","121","0.00334225","0.0027140000000000003","2195.524958000009","0","provisional","correct","frozen/labels.jsonl","eb7cd6c3ffbe7a1acbe1c7e52095331b2b492f4054d7e166a298e910dbfd6963"
"pns2r-n500-o0-B","pns2r","test","false","500","0","B","15","0","0","","","","","none","","false","correct","true","false","","1","0","647","0","0","112","59","0.0002638","0.0002638","1439.866750000001","0.8030410000000003","provisional","correct","frozen/labels.jsonl","eb7cd6c3ffbe7a1acbe1c7e52095331b2b492f4054d7e166a298e910dbfd6963"
"pugud-n200-o0-A","pugud","test","false","200","0","A","200","0","0","","","","","none","","false","correct","true","false","","1","0","5129","0","5126","155","108","0.0014681","0.0012117999999999999","2029.7485830000078","0","provisional","miss-abstain","frozen/labels.jsonl","eb7cd6c3ffbe7a1acbe1c7e52095331b2b492f4054d7e166a298e910dbfd6963"
"pktbx-n200-o1-B","pktbx","test","true","200","1","B","15","2","2","true","1","0.887918","7 11","none","","false","miss-abstain","false","false","","1","0","582","0","0","275","230","0.00044639999999999995","0.00044639999999999995","3088.771875000006","0.3195840000000061","provisional","miss-abstain","frozen/labels.jsonl","eb7cd6c3ffbe7a1acbe1c7e52095331b2b492f4054d7e166a298e910dbfd6963"
"p6xjr-n200-o0-A","p6xjr","test","true","200","0","A","200","1","1","true","1","0.944517","10","none","","false","miss-abstain","false","false","","1","0","5198","0","5195","181","127","0.00151655","0.0012568000000000002","2194.257500000007","0","provisional","miss-abstain","frozen/labels.jsonl","eb7cd6c3ffbe7a1acbe1c7e52095331b2b492f4054d7e166a298e910dbfd6963"
"pu3fh-n500-o0-A","pu3fh","test","false","500","0","A","500","0","0","","","","","none","","false","correct","true","false","","1","0","12528","0","12525","118","59","0.00327345","0.0026472","2005.7577500000043","0","provisional","miss-abstain","frozen/labels.jsonl","eb7cd6c3ffbe7a1acbe1c7e52095331b2b492f4054d7e166a298e910dbfd6963"
"ptgpf-n200-o1-B","ptgpf","test","true","200","1","B","15","3","3","true","2","0.913979","0 7 8","same","psnvi","true","correct","true","false","","1","0","571","0","0","42","0","0.0001646","0.0001646","1126.2162910000043","0.34395800000000065","provisional","correct","frozen/labels.jsonl","eb7cd6c3ffbe7a1acbe1c7e52095331b2b492f4054d7e166a298e910dbfd6963"
"pc3m2-n200-o0-A","pc3m2","test","true","200","0","A","200","1","1","true","1","0.879539","10","none","","false","miss-abstain","false","false","","1","0","5186","0","5183","143","88","0.00146795","0.0012088","2145.965333","0","provisional","miss-abstain","frozen/labels.jsonl","eb7cd6c3ffbe7a1acbe1c7e52095331b2b492f4054d7e166a298e910dbfd6963"
"pugud-n500-o0-B","pugud","test","false","500","0","B","15","0","0","","","","","none","","false","correct","true","false","","1","0","657","0","0","132","83","0.0002898","0.0002898","2021.6594170000026","0.816749999999999","provisional","miss-abstain","frozen/labels.jsonl","eb7cd6c3ffbe7a1acbe1c7e52095331b2b492f4054d7e166a298e910dbfd6963"
"p68um-n500-o0-A","p68um","test","false","500","0","A","500","0","0","","","","","none","","false","correct","true","false","","1","0","12502","0","12499","99","59","0.00324415","0.0026192000000000003","1641.182415999996","0","provisional","correct","frozen/labels.jsonl","eb7cd6c3ffbe7a1acbe1c7e52095331b2b492f4054d7e166a298e910dbfd6963"
"pyr2u-n500-o1-B","pyr2u","test","true","500","1","B","15","1","1","true","1","0.919901","7","same","pfwr5","true","correct","true","false","","1","0","673","0","0","116","64","0.00027379999999999993","0.00027379999999999993","1819.7406250000058","0.8645000000000067","provisional","correct","frozen/labels.jsonl","eb7cd6c3ffbe7a1acbe1c7e52095331b2b492f4054d7e166a298e910dbfd6963"
"p8jmp-n100-o1-A","p8jmp","test","false","100","1","A","100","0","0","","","","","none","","false","correct","true","false","","1","0","2688","0","2685","94","42","0.00078465","0.0006504","1425.1081249999988","0","provisional","miss-abstain","frozen/labels.jsonl","eb7cd6c3ffbe7a1acbe1c7e52095331b2b492f4054d7e166a298e910dbfd6963"
"pudtd-n500-o0-B","pudtd","test","false","500","0","B","15","0","0","","","","","none","","false","correct","true","false","","1","0","566","0","0","139","82","0.00028","0.00028","2114.264584000004","0.8208750000000009","provisional","miss-abstain","frozen/labels.jsonl","eb7cd6c3ffbe7a1acbe1c7e52095331b2b492f4054d7e166a298e910dbfd6963"
"pc3m2-n200-o0-B","pc3m2","test","true","200","0","B","15","1","1","true","1","0.879539","0","none","","false","miss-abstain","false","false","","1","0","707","0","0","232","180","0.00041979999999999996","0.00041979999999999996","2746.936791999993","0.37279099999999943","provisional","miss-abstain","frozen/labels.jsonl","eb7cd6c3ffbe7a1acbe1c7e52095331b2b492f4054d7e166a298e910dbfd6963"
"ptcr8-n500-o0-B","ptcr8","test","false","500","0","B","15","0","0","","","","","none","","false","correct","true","false","","1","0","600","0","0","113","70","0.0002556","0.0002556","1399.2435419999965","0.8465419999999995","provisional","miss-abstain","frozen/labels.jsonl","eb7cd6c3ffbe7a1acbe1c7e52095331b2b492f4054d7e166a298e910dbfd6963"
"pxn3z-n200-o0-B","pxn3z","test","false","200","0","B","15","0","0","","","","","none","","false","correct","true","false","","1","0","681","0","0","86","34","0.00023940000000000005","0.00023940000000000005","1386.0947080000042","0.3142920000000018","provisional","correct","frozen/labels.jsonl","eb7cd6c3ffbe7a1acbe1c7e52095331b2b492f4054d7e166a298e910dbfd6963"
"pymzr-n200-o0-B","pymzr","test","true","200","0","B","15","1","1","true","1","0.94721","0","none","","false","miss-abstain","false","false","","1","0","730","0","0","108","57","0.00027560000000000003","0.00027560000000000003","2058.2919580000016","0.31733300000000497","provisional","miss-abstain","frozen/labels.jsonl","eb7cd6c3ffbe7a1acbe1c7e52095331b2b492f4054d7e166a298e910dbfd6963"
"paak8-n100-o0-B","paak8","test","true","100","0","B","15","3","3","true","1","0.891907","1 2 4","none","","false","miss-abstain","false","false","","1","0","791","0","0","190","131","0.00038620000000000006","0.00038620000000000006","2062.2744999999995","0.15995899999999352","provisional","miss-abstain","frozen/labels.jsonl","eb7cd6c3ffbe7a1acbe1c7e52095331b2b492f4054d7e166a298e910dbfd6963"
"p68um-n100-o1-B","p68um","test","false","100","1","B","15","0","0","","","","","none","","false","correct","true","false","","1","0","656","0","0","120","65","0.0002752","0.0002752","1622.167082999993","0.16850000000000165","provisional","correct","frozen/labels.jsonl","eb7cd6c3ffbe7a1acbe1c7e52095331b2b492f4054d7e166a298e910dbfd6963"
"pudtd-n500-o1-A","pudtd","test","false","500","1","A","500","0","0","","","","","none","","false","correct","true","false","","1","0","12513","0","12510","206","154","0.0033753","0.0027498","2877.4368329999998","0","provisional","miss-abstain","frozen/labels.jsonl","eb7cd6c3ffbe7a1acbe1c7e52095331b2b492f4054d7e166a298e910dbfd6963"
"p6xjr-n500-o0-B","p6xjr","test","true","500","0","B","15","1","1","true","1","0.944517","0","none","","false","miss-abstain","false","false","","1","0","698","0","0","173","121","0.0003472","0.0003472","2231.4832920000044","0.7931249999999892","provisional","miss-abstain","frozen/labels.jsonl","eb7cd6c3ffbe7a1acbe1c7e52095331b2b492f4054d7e166a298e910dbfd6963"
"pktbx-n200-o0-B","pktbx","test","true","200","0","B","15","2","2","true","1","0.887918","1 7","none","","false","miss-abstain","false","false","","1","0","582","0","0","218","169","0.000378","0.000378","2784.675667000003","0.3195840000000061","provisional","miss-abstain","frozen/labels.jsonl","eb7cd6c3ffbe7a1acbe1c7e52095331b2b492f4054d7e166a298e910dbfd6963"
"pu3fh-n200-o1-B","pu3fh","test","false","200","1","B","15","0","0","","","","","none","","false","correct","true","false","","1","0","627","0","0","138","81","0.000291","0.000291","1963.4254590000055","0.31845899999999716","provisional","miss-abstain","frozen/labels.jsonl","eb7cd6c3ffbe7a1acbe1c7e52095331b2b492f4054d7e166a298e910dbfd6963"
"pqeyn-n500-o0-A","pqeyn","test","false","500","0","A","500","0","0","","","","","none","","false","correct","true","false","","1","0","12496","0","12493","133","82","0.0032834500000000003","0.0026588000000000002","2324.592665999997","0","provisional","miss-abstain","frozen/labels.jsonl","eb7cd6c3ffbe7a1acbe1c7e52095331b2b492f4054d7e166a298e910dbfd6963"
"pqeyn-n200-o1-B","pqeyn","test","false","200","1","B","15","0","0","","","","","none","","false","correct","true","false","","1","0","643","0","0","112","71","0.000263","0.000263","1628.1162909999985","0.30008399999999824","provisional","miss-abstain","frozen/labels.jsonl","eb7cd6c3ffbe7a1acbe1c7e52095331b2b492f4054d7e166a298e910dbfd6963"
"ptgpf-n100-o1-B","ptgpf","test","true","100","1","B","15","3","3","true","2","0.913979","3 8 14","same","psnvi","true","correct","true","false","","1","0","566","0","0","43","0","0.00016480000000000002","0.00016480000000000002","1291.9436669999996","0.16916699999999452","provisional","correct","frozen/labels.jsonl","eb7cd6c3ffbe7a1acbe1c7e52095331b2b492f4054d7e166a298e910dbfd6963"
"pktbx-n200-o0-A","pktbx","test","true","200","0","A","200","2","2","true","1","0.887918","10 78","same","pcv53","true","correct","true","false","","1","0","5174","0","5171","153","112","0.0014769499999999999","0.0012184","1903.1770839999954","0","provisional","correct","frozen/labels.jsonl","eb7cd6c3ffbe7a1acbe1c7e52095331b2b492f4054d7e166a298e910dbfd6963"
"pppcy-n100-o1-A","pppcy","test","false","100","1","A","100","0","0","","","","","none","","false","correct","true","false","","1","0","2769","0","2766","103","49","0.0008157","0.0006774000000000001","1585.9905830000062","0","provisional","miss-abstain","frozen/labels.jsonl","eb7cd6c3ffbe7a1acbe1c7e52095331b2b492f4054d7e166a298e910dbfd6963"
"pqeyn-n100-o0-A","pqeyn","test","false","100","0","A","100","0","0","","","","","none","","false","correct","true","false","","1","0","2719","0","2716","107","65","0.000808","0.0006722000000000001","1858.1424999999872","0","provisional","miss-abstain","frozen/labels.jsonl","eb7cd6c3ffbe7a1acbe1c7e52095331b2b492f4054d7e166a298e910dbfd6963"
"pxn3z-n100-o1-B","pxn3z","test","false","100","1","B","15","0","0","","","","","none","","false","correct","true","false","","1","0","722","0","0","85","40","0.0002464","0.0002464","1303.8197920000093","0.162666999999999","provisional","correct","frozen/labels.jsonl","eb7cd6c3ffbe7a1acbe1c7e52095331b2b492f4054d7e166a298e910dbfd6963"
"pxn3z-n500-o1-A","pxn3z","test","false","500","1","A","500","0","0","","","","","none","","false","correct","true","false","","1","0","12458","0","12455","91","45","0.00322355","0.0026008000000000003","1693.0784580000036","0","provisional","correct","frozen/labels.jsonl","eb7cd6c3ffbe7a1acbe1c7e52095331b2b492f4054d7e166a298e910dbfd6963"
"p6xjr-n100-o0-B","p6xjr","test","true","100","0","B","15","1","1","true","1","0.944517","0","none","","false","miss-abstain","false","false","","1","0","679","0","0","157","104","0.0003242","0.0003242","2050.7668330000015","0.16779100000000824","provisional","miss-abstain","frozen/labels.jsonl","eb7cd6c3ffbe7a1acbe1c7e52095331b2b492f4054d7e166a298e910dbfd6963"
"pxn3z-n500-o1-B","pxn3z","test","false","500","1","B","15","0","0","","","","","none","","false","correct","true","false","","1","0","688","0","0","79","27","0.00023239999999999998","0.00023239999999999998","1264.3966670000082","0.8022080000000003","provisional","correct","frozen/labels.jsonl","eb7cd6c3ffbe7a1acbe1c7e52095331b2b492f4054d7e166a298e910dbfd6963"
"ptgpf-n100-o0-B","ptgpf","test","true","100","0","B","15","3","3","true","2","0.913979","0 2 11","same","pvdxd","false","correct","true","false","","1","0","566","0","0","38","0","0.0001588","0.0001588","1129.0182500000083","0.16916699999999452","provisional","correct","frozen/labels.jsonl","eb7cd6c3ffbe7a1acbe1c7e52095331b2b492f4054d7e166a298e910dbfd6963"
"pns2r-n100-o1-A","pns2r","test","false","100","1","A","100","0","0","","","","","none","","false","correct","true","false","","1","0","2741","0","2738","98","48","0.0008027","0.0006658","1788.7189999999973","0","provisional","correct","frozen/labels.jsonl","eb7cd6c3ffbe7a1acbe1c7e52095331b2b492f4054d7e166a298e910dbfd6963"
"p68um-n200-o0-B","p68um","test","false","200","0","B","15","0","0","","","","","none","","false","correct","true","false","","1","0","655","0","0","97","57","0.0002474","0.0002474","1614.9207920000044","0.33362499999999784","provisional","correct","frozen/labels.jsonl","eb7cd6c3ffbe7a1acbe1c7e52095331b2b492f4054d7e166a298e910dbfd6963"
"ptwgu-n500-o1-A","ptwgu","test","true","500","1","A","500","1","1","true","2","0.909768","250","none","","false","miss-abstain","false","false","","1","0","12472","0","12469","183","130","0.0033374499999999996","0.002714","2697.2880000000005","0","provisional","miss-abstain","frozen/labels.jsonl","eb7cd6c3ffbe7a1acbe1c7e52095331b2b492f4054d7e166a298e910dbfd6963"
"pymzr-n200-o1-A","pymzr","test","true","200","1","A","200","1","1","true","1","0.94721","100","same","pt458","true","correct","true","false","","1","0","5165","0","5162","47","0","0.0013475","0.0010894000000000001","1113.8149589999957","0","provisional","correct","frozen/labels.jsonl","eb7cd6c3ffbe7a1acbe1c7e52095331b2b492f4054d7e166a298e910dbfd6963"
"pugud-n100-o0-B","pugud","test","false","100","0","B","15","0","0","","","","","none","","false","correct","true","false","","1","0","661","0","0","136","83","0.00029539999999999997","0.00029539999999999997","1833.2267909999937","0.1611249999999984","provisional","miss-abstain","frozen/labels.jsonl","eb7cd6c3ffbe7a1acbe1c7e52095331b2b492f4054d7e166a298e910dbfd6963"
"pudtd-n100-o1-B","pudtd","test","false","100","1","B","15","0","0","","","","","none","","false","correct","true","false","","1","0","626","0","0","140","86","0.00029319999999999997","0.00029319999999999997","1932.221583000006","0.1559170000000023","provisional","miss-abstain","frozen/labels.jsonl","eb7cd6c3ffbe7a1acbe1c7e52095331b2b492f4054d7e166a298e910dbfd6963"
"pc3m2-n100-o1-B","pc3m2","test","true","100","1","B","15","1","1","true","1","0.879539","8","none","","false","miss-abstain","false","false","","1","0","685","0","0","182","128","0.00035539999999999997","0.00035539999999999997","2308.0229999999865","0.1561670000000035","provisional","miss-abstain","frozen/labels.jsonl","eb7cd6c3ffbe7a1acbe1c7e52095331b2b492f4054d7e166a298e910dbfd6963"
"pymzr-n500-o0-B","pymzr","test","true","500","0","B","15","1","1","true","1","0.94721","0","none","","false","miss-abstain","false","false","","1","0","705","0","0","126","75","0.0002922","0.0002922","1698.5767500000075","0.811916999999994","provisional","miss-abstain","frozen/labels.jsonl","eb7cd6c3ffbe7a1acbe1c7e52095331b2b492f4054d7e166a298e910dbfd6963"
"ptgpf-n200-o0-A","ptgpf","test","true","200","0","A","200","3","3","true","2","0.913979","10 45 170","same","psnvi","true","correct","true","false","","1","0","5110","0","5107","236","197","0.00156055","0.0013052","2949.053707999992","0","provisional","correct","frozen/labels.jsonl","eb7cd6c3ffbe7a1acbe1c7e52095331b2b492f4054d7e166a298e910dbfd6963"
"p68um-n100-o0-B","p68um","test","false","100","0","B","15","0","0","","","","","none","","false","correct","true","false","","1","0","656","0","0","89","49","0.000238","0.000238","1407.932958999998","0.16850000000000165","provisional","correct","frozen/labels.jsonl","eb7cd6c3ffbe7a1acbe1c7e52095331b2b492f4054d7e166a298e910dbfd6963"
"pppcy-n200-o0-B","pppcy","test","false","200","0","B","15","0","0","","","","","none","","false","correct","true","false","","1","0","644","0","0","109","55","0.0002596","0.0002596","1727.5216250000085","0.3293329999999983","provisional","miss-abstain","frozen/labels.jsonl","eb7cd6c3ffbe7a1acbe1c7e52095331b2b492f4054d7e166a298e910dbfd6963"
"pppcy-n100-o0-A","pppcy","test","false","100","0","A","100","0","0","","","","","none","","false","correct","true","false","","1","0","2769","0","2766","106","50","0.0008192999999999999","0.000681","1642.8130420000089","0","provisional","miss-abstain","frozen/labels.jsonl","eb7cd6c3ffbe7a1acbe1c7e52095331b2b492f4054d7e166a298e910dbfd6963"
"peqy9-n500-o1-B","peqy9","test","true","500","1","B","15","1","1","true","1","0.906549","7","none","","false","miss-abstain","false","false","","1","0","619","0","0","163","110","0.00031939999999999996","0.00031939999999999996","2391.749416999999","0.8169999999999931","provisional","miss-abstain","frozen/labels.jsonl","eb7cd6c3ffbe7a1acbe1c7e52095331b2b492f4054d7e166a298e910dbfd6963"
"pu3fh-n100-o1-B","pu3fh","test","false","100","1","B","15","0","0","","","","","none","","false","correct","true","false","","1","0","627","0","0","128","67","0.000279","0.000279","1773.0017079999961","0.15979199999999594","provisional","miss-abstain","frozen/labels.jsonl","eb7cd6c3ffbe7a1acbe1c7e52095331b2b492f4054d7e166a298e910dbfd6963"
"pppcy-n200-o0-A","pppcy","test","false","200","0","A","200","0","0","","","","","none","","false","correct","true","false","","1","0","5142","0","5139","101","50","0.00140655","0.0011496000000000002","1739.2495000000054","0","provisional","miss-abstain","frozen/labels.jsonl","eb7cd6c3ffbe7a1acbe1c7e52095331b2b492f4054d7e166a298e910dbfd6963"
"pyr2u-n200-o0-B","pyr2u","test","true","200","0","B","15","1","1","true","1","0.919901","1","same","pfwr5","true","correct","true","false","","1","0","682","0","0","42","0","0.00018680000000000001","0.00018680000000000001","2149.929541000005","0.31741699999999184","provisional","correct","frozen/labels.jsonl","eb7cd6c3ffbe7a1acbe1c7e52095331b2b492f4054d7e166a298e910dbfd6963"
"pktbx-n100-o0-B","pktbx","test","true","100","0","B","15","2","2","true","1","0.887918","2 3","none","","false","miss-abstain","false","false","","1","0","627","0","0","204","153","0.0003702","0.0003702","2470.501916999987","0.15862500000000068","provisional","miss-abstain","frozen/labels.jsonl","eb7cd6c3ffbe7a1acbe1c7e52095331b2b492f4054d7e166a298e910dbfd6963"
"pudtd-n200-o0-B","pudtd","test","false","200","0","B","15","0","0","","","","","none","","false","correct","true","false","","1","0","584","0","0","150","97","0.0002968","0.0002968","2198.3388330000016","0.33616600000000574","provisional","miss-abstain","frozen/labels.jsonl","eb7cd6c3ffbe7a1acbe1c7e52095331b2b492f4054d7e166a298e910dbfd6963"
"pugud-n500-o0-A","pugud","test","false","500","0","A","500","0","0","","","","","none","","false","correct","true","false","","1","0","12519","0","12516","125","78","0.0032796000000000006","0.0026538","1773.7451669999864","0","provisional","miss-abstain","frozen/labels.jsonl","eb7cd6c3ffbe7a1acbe1c7e52095331b2b492f4054d7e166a298e910dbfd6963"
"pc3m2-n500-o0-B","pc3m2","test","true","500","0","B","15","1","1","true","1","0.879539","1","none","","false","miss-abstain","false","false","","1","0","677","0","0","148","98","0.000313","0.000313","2109.5700829999987","0.806042000000005","provisional","miss-abstain","frozen/labels.jsonl","eb7cd6c3ffbe7a1acbe1c7e52095331b2b492f4054d7e166a298e910dbfd6963"
"pc3m2-n500-o1-A","pc3m2","test","true","500","1","A","500","1","1","true","1","0.879539","250","none","","false","miss-abstain","false","false","","1","0","12541","0","12538","164","114","0.0033319000000000005","0.0027050000000000004","2000.6795840000268","0","provisional","miss-abstain","frozen/labels.jsonl","eb7cd6c3ffbe7a1acbe1c7e52095331b2b492f4054d7e166a298e910dbfd6963"
"pugud-n200-o1-A","pugud","test","false","200","1","A","200","0","0","","","","","none","","false","correct","true","false","","1","0","5129","0","5126","148","99","0.0014596999999999998","0.0012033999999999999","2861.3477500000154","0","provisional","miss-abstain","frozen/labels.jsonl","eb7cd6c3ffbe7a1acbe1c7e52095331b2b492f4054d7e166a298e910dbfd6963"
"ptwgu-n100-o1-B","ptwgu","test","true","100","1","B","15","1","1","true","2","0.909768","5","none","","false","miss-abstain","false","false","","1","0","618","0","0","161","105","0.0003168","0.0003168","2112.1935830000148","0.15720799999999713","provisional","miss-abstain","frozen/labels.jsonl","eb7cd6c3ffbe7a1acbe1c7e52095331b2b492f4054d7e166a298e910dbfd6963"
"paak8-n200-o1-A","paak8","test","true","200","1","A","200","3","3","true","1","0.891907","16 100 136","same","pj2cj","true","correct","true","false","","1","0","5205","0","5202","163","109","0.0014967","0.0012365999999999998","2089.3782920000085","0","provisional","correct","frozen/labels.jsonl","eb7cd6c3ffbe7a1acbe1c7e52095331b2b492f4054d7e166a298e910dbfd6963"
"pktbx-n500-o0-B","pktbx","test","true","500","0","B","15","2","2","true","2","0.887918","0 13","none","","false","miss-abstain","false","false","","1","0","596","0","0","182","127","0.0003376","0.0003376","2223.8423750000075","2.571458000000007","provisional","miss-abstain","frozen/labels.jsonl","eb7cd6c3ffbe7a1acbe1c7e52095331b2b492f4054d7e166a298e910dbfd6963"
"pudtd-n100-o0-B","pudtd","test","false","100","0","B","15","0","0","","","","","none","","false","correct","true","false","","1","0","626","0","0","45","0","0.0001792","0.0001792","1121.3104999999923","0.1559170000000023","provisional","miss-abstain","frozen/labels.jsonl","eb7cd6c3ffbe7a1acbe1c7e52095331b2b492f4054d7e166a298e910dbfd6963"
"pyr2u-n100-o1-B","pyr2u","test","true","100","1","B","15","1","1","true","1","0.919901","8","same","pfwr5","true","correct","true","false","","1","0","693","0","0","42","0","0.000189","0.000189","1338.9158329999773","0.16225000000000023","provisional","correct","frozen/labels.jsonl","eb7cd6c3ffbe7a1acbe1c7e52095331b2b492f4054d7e166a298e910dbfd6963"
"ptwgu-n500-o1-B","ptwgu","test","true","500","1","B","15","1","1","true","2","0.909768","10","none","","false","miss-abstain","false","false","","1","0","656","0","0","187","136","0.0003556","0.0003556","2478.3116670000018","0.7912500000000051","provisional","miss-abstain","frozen/labels.jsonl","eb7cd6c3ffbe7a1acbe1c7e52095331b2b492f4054d7e166a298e910dbfd6963"
"p68um-n200-o1-B","p68um","test","false","200","1","B","15","0","0","","","","","none","","false","correct","true","false","","1","0","655","0","0","89","49","0.0002378","0.0002378","1494.601583999989","0.33362499999999784","provisional","correct","frozen/labels.jsonl","eb7cd6c3ffbe7a1acbe1c7e52095331b2b492f4054d7e166a298e910dbfd6963"
"p68um-n100-o1-A","p68um","test","false","100","1","A","100","0","0","","","","","none","","false","correct","true","false","","1","0","2699","0","2696","95","55","0.0007886","0.0006538000000000001","1549.685375000001","0","provisional","correct","frozen/labels.jsonl","eb7cd6c3ffbe7a1acbe1c7e52095331b2b492f4054d7e166a298e910dbfd6963"
"pc3m2-n500-o0-A","pc3m2","test","true","500","0","A","500","1","1","true","1","0.879539","25","none","","false","miss-abstain","false","false","","1","0","12541","0","12538","154","96","0.0033199000000000006","0.0026930000000000005","2134.1136250000272","0","provisional","miss-abstain","frozen/labels.jsonl","eb7cd6c3ffbe7a1acbe1c7e52095331b2b492f4054d7e166a298e910dbfd6963"
"pqeyn-n100-o1-A","pqeyn","test","false","100","1","A","100","0","0","","","","","same","phsyb","true","false-join","false","true","","1","0","2719","0","2716","39","0","0.0007264","0.0005906","1123.3258329999808","0","provisional","correct","frozen/labels.jsonl","eb7cd6c3ffbe7a1acbe1c7e52095331b2b492f4054d7e166a298e910dbfd6963"
"ptcr8-n200-o1-A","ptcr8","test","false","200","1","A","200","0","0","","","","","none","","false","correct","true","false","","1","0","5144","0","5141","38","0","0.0013314499999999999","0.0010743999999999999","1088.5631670000148","0","provisional","miss-abstain","frozen/labels.jsonl","eb7cd6c3ffbe7a1acbe1c7e52095331b2b492f4054d7e166a298e910dbfd6963"
"pyr2u-n100-o0-B","pyr2u","test","true","100","0","B","15","1","1","true","1","0.919901","2","same","pfwr5","true","correct","true","false","","1","0","693","0","0","42","0","0.000189","0.000189","935.775250000006","0.16225000000000023","provisional","correct","frozen/labels.jsonl","eb7cd6c3ffbe7a1acbe1c7e52095331b2b492f4054d7e166a298e910dbfd6963"
"pu3fh-n500-o1-B","pu3fh","test","false","500","1","B","15","0","0","","","","","none","","false","correct","true","false","","1","0","642","0","0","129","72","0.0002832","0.0002832","1894.919957999984","0.8100839999999963","provisional","miss-abstain","frozen/labels.jsonl","eb7cd6c3ffbe7a1acbe1c7e52095331b2b492f4054d7e166a298e910dbfd6963"
"peqy9-n100-o1-B","peqy9","test","true","100","1","B","15","1","1","true","1","0.906549","6","none","","false","miss-abstain","false","false","","1","0","633","0","0","209","151","0.00037739999999999996","0.00037739999999999996","2587.5563749999856","0.1636659999999921","provisional","miss-abstain","frozen/labels.jsonl","eb7cd6c3ffbe7a1acbe1c7e52095331b2b492f4054d7e166a298e910dbfd6963"
"p8jmp-n500-o1-B","p8jmp","test","false","500","1","B","15","0","0","","","","","none","","false","correct","true","false","","1","0","632","0","0","120","61","0.00027039999999999996","0.00027039999999999996","1532.9738329999964","0.8260000000000005","provisional","miss-abstain","frozen/labels.jsonl","eb7cd6c3ffbe7a1acbe1c7e52095331b2b492f4054d7e166a298e910dbfd6963"
"pns2r-n200-o1-B","pns2r","test","false","200","1","B","15","0","0","","","","","none","","false","correct","true","false","","1","0","653","0","0","101","61","0.0002518","0.0002518","1666.8265409999876","0.30766700000000213","provisional","correct","frozen/labels.jsonl","eb7cd6c3ffbe7a1acbe1c7e52095331b2b492f4054d7e166a298e910dbfd6963"
"peqy9-n200-o0-A","peqy9","test","true","200","0","A","200","1","1","true","1","0.906549","10","none","","false","miss-abstain","false","false","","1","0","5197","0","5194","152","97","0.0014815","0.0012218","2150.6757919999945","0","provisional","miss-abstain","frozen/labels.jsonl","eb7cd6c3ffbe7a1acbe1c7e52095331b2b492f4054d7e166a298e910dbfd6963"
"ptgpf-n200-o1-A","ptgpf","test","true","200","1","A","200","3","3","true","2","0.913979","2 100 122","same","psnvi","true","correct","true","false","","1","0","5110","0","5107","234","190","0.00155815","0.0013028","3365.3602079999982","0","provisional","correct","frozen/labels.jsonl","eb7cd6c3ffbe7a1acbe1c7e52095331b2b492f4054d7e166a298e910dbfd6963"
"pudtd-n200-o1-B","pudtd","test","false","200","1","B","15","0","0","","","","","none","","false","correct","true","false","","1","0","584","0","0","181","130","0.000334","0.000334","2369.234708999982","0.33616600000000574","provisional","miss-abstain","frozen/labels.jsonl","eb7cd6c3ffbe7a1acbe1c7e52095331b2b492f4054d7e166a298e910dbfd6963"
"pugud-n200-o0-B","pugud","test","false","200","0","B","15","0","0","","","","","none","","false","correct","true","false","","1","0","640","0","0","119","65","0.00027079999999999997","0.00027079999999999997","1788.3182500000112","0.3158329999999978","provisional","miss-abstain","frozen/labels.jsonl","eb7cd6c3ffbe7a1acbe1c7e52095331b2b492f4054d7e166a298e910dbfd6963"
"p8jmp-n200-o0-B","p8jmp","test","false","200","0","B","15","0","0","","","","","none","","false","correct","true","false","","1","0","684","0","0","106","50","0.000264","0.000264","1697.6722090000112","0.3242910000000023","provisional","miss-abstain","frozen/labels.jsonl","eb7cd6c3ffbe7a1acbe1c7e52095331b2b492f4054d7e166a298e910dbfd6963"
"p68um-n500-o1-B","p68um","test","false","500","1","B","15","0","0","","","","","none","","false","correct","true","false","","1","0","659","0","0","143","92","0.0003034","0.0003034","2051.5598750000063","0.8413340000000034","provisional","correct","frozen/labels.jsonl","eb7cd6c3ffbe7a1acbe1c7e52095331b2b492f4054d7e166a298e910dbfd6963"
"pxn3z-n200-o1-B","pxn3z","test","false","200","1","B","15","0","0","","","","","none","","false","correct","true","false","","1","0","681","0","0","112","57","0.0002706","0.0002706","1927.3830000000016","0.3142920000000018","provisional","correct","frozen/labels.jsonl","eb7cd6c3ffbe7a1acbe1c7e52095331b2b492f4054d7e166a298e910dbfd6963"
"p6xjr-n200-o1-A","p6xjr","test","true","200","1","A","200","1","1","true","1","0.944517","100","none","","false","miss-abstain","false","false","","1","0","5198","0","5195","265","209","0.0016173499999999998","0.0013576","3058.547499999986","0","provisional","miss-abstain","frozen/labels.jsonl","eb7cd6c3ffbe7a1acbe1c7e52095331b2b492f4054d7e166a298e910dbfd6963"
"pns2r-n100-o0-B","pns2r","test","false","100","0","B","15","0","0","","","","","none","","false","correct","true","false","","1","0","649","0","0","106","67","0.000257","0.000257","1706.879499999981","0.15750000000000597","provisional","correct","frozen/labels.jsonl","eb7cd6c3ffbe7a1acbe1c7e52095331b2b492f4054d7e166a298e910dbfd6963"
"pktbx-n500-o0-A","pktbx","test","true","500","0","A","500","2","2","true","2","0.887918","25 483","same","pcv53","true","correct","true","false","","1","0","12568","0","12565","146","101","0.0033170499999999998","0.0026888000000000003","1906.1267919999955","0","provisional","correct","frozen/labels.jsonl","eb7cd6c3ffbe7a1acbe1c7e52095331b2b492f4054d7e166a298e910dbfd6963"
"pnyg7-n200-o0-A","pnyg7","test","true","200","0","A","200","1","1","true","1","0.912505","10","same","pptwk","true","correct","true","false","","1","0","5077","0","5074","110","62","0.0014011","0.0011474","1576.2780419999908","0","provisional","correct","frozen/labels.jsonl","eb7cd6c3ffbe7a1acbe1c7e52095331b2b492f4054d7e166a298e910dbfd6963"
"ptcr8-n200-o0-A","ptcr8","test","false","200","0","A","200","0","0","","","","","none","","false","correct","true","false","","1","0","5144","0","5141","110","67","0.00141785","0.0011608","1463.9573329999985","0","provisional","miss-abstain","frozen/labels.jsonl","eb7cd6c3ffbe7a1acbe1c7e52095331b2b492f4054d7e166a298e910dbfd6963"
"pudtd-n200-o0-A","pudtd","test","false","200","0","A","200","0","0","","","","","none","","false","correct","true","false","","1","0","5183","0","5180","153","102","0.0014791999999999997","0.0012202","2015.076624999987","0","provisional","miss-abstain","frozen/labels.jsonl","eb7cd6c3ffbe7a1acbe1c7e52095331b2b492f4054d7e166a298e910dbfd6963"
"pyr2u-n200-o1-A","pyr2u","test","true","200","1","A","200","1","1","true","1","0.919901","100","same","pfwr5","true","correct","true","false","","1","0","5164","0","5161","42","0","0.00134125","0.0010832","1273.9332090000098","0","provisional","correct","frozen/labels.jsonl","eb7cd6c3ffbe7a1acbe1c7e52095331b2b492f4054d7e166a298e910dbfd6963"
"ptwgu-n100-o0-B","ptwgu","test","true","100","0","B","15","1","1","true","2","0.909768","0","none","","false","miss-abstain","false","false","","1","0","618","0","0","205","151","0.00036960000000000004","0.00036960000000000004","4108.644917000027","0.15720799999999713","provisional","miss-abstain","frozen/labels.jsonl","eb7cd6c3ffbe7a1acbe1c7e52095331b2b492f4054d7e166a298e910dbfd6963"
"pnyg7-n500-o1-A","pnyg7","test","true","500","1","A","500","1","1","true","1","0.912505","250","same","pptwk","true","correct","true","false","","1","0","12528","0","12525","40","0","0.00317985","0.0025536000000000005","1197.718542000017","0","provisional","correct","frozen/labels.jsonl","eb7cd6c3ffbe7a1acbe1c7e52095331b2b492f4054d7e166a298e910dbfd6963"
"pc3m2-n500-o1-B","pc3m2","test","true","500","1","B","15","1","1","true","1","0.879539","11","none","","false","miss-abstain","false","false","","1","0","677","0","0","175","126","0.0003454","0.0003454","2014.5838330000115","0.806042000000005","provisional","miss-abstain","frozen/labels.jsonl","eb7cd6c3ffbe7a1acbe1c7e52095331b2b492f4054d7e166a298e910dbfd6963"
"ptgpf-n500-o1-A","ptgpf","test","true","500","1","A","500","3","3","true","2","0.913979","113 250 361","same","psnvi","true","correct","true","false","","1","0","12487","0","12484","279","241","0.0034564","0.0028322000000000004","4274.76583400002","0","provisional","correct","frozen/labels.jsonl","eb7cd6c3ffbe7a1acbe1c7e52095331b2b492f4054d7e166a298e910dbfd6963"
"pxn3z-n200-o0-A","pxn3z","test","false","200","0","A","200","0","0","","","","","none","","false","correct","true","false","","1","0","5105","0","5102","74","28","0.0013648999999999998","0.0011098","1521.2807500000054","0","provisional","correct","frozen/labels.jsonl","eb7cd6c3ffbe7a1acbe1c7e52095331b2b492f4054d7e166a298e910dbfd6963"
"p6xjr-n100-o1-A","p6xjr","test","true","100","1","A","100","1","1","true","1","0.944517","50","none","","false","miss-abstain","false","false","","1","0","2772","0","2769","216","171","0.0009520500000000002","0.0008135999999999999","2509.018625000026","0","provisional","miss-abstain","frozen/labels.jsonl","eb7cd6c3ffbe7a1acbe1c7e52095331b2b492f4054d7e166a298e910dbfd6963"
"pyr2u-n100-o0-A","pyr2u","test","true","100","0","A","100","1","1","true","1","0.919901","5","same","pfwr5","true","correct","true","false","","1","0","2747","0","2744","76","32","0.0007778000000000001","0.0006406000000000001","1349.971292000002","0","provisional","correct","frozen/labels.jsonl","eb7cd6c3ffbe7a1acbe1c7e52095331b2b492f4054d7e166a298e910dbfd6963"
"pymzr-n500-o1-A","pymzr","test","true","500","1","A","500","1","1","true","1","0.94721","250","none","","false","miss-abstain","false","false","","1","0","12534","0","12531","130","86","0.0032893500000000003","0.0026628000000000003","2428.441167000012","0","provisional","miss-abstain","frozen/labels.jsonl","eb7cd6c3ffbe7a1acbe1c7e52095331b2b492f4054d7e166a298e910dbfd6963"
"p6xjr-n500-o1-B","p6xjr","test","true","500","1","B","15","1","1","true","1","0.944517","5","none","","false","miss-abstain","false","false","","1","0","698","0","0","151","101","0.00032079999999999994","0.00032079999999999994","2087.4145000000135","0.7931249999999892","provisional","miss-abstain","frozen/labels.jsonl","eb7cd6c3ffbe7a1acbe1c7e52095331b2b492f4054d7e166a298e910dbfd6963"
"ptgpf-n100-o0-A","ptgpf","test","true","100","0","A","100","3","3","true","2","0.913979","5 22 83","same","pvdxd","false","correct","true","false","","1","0","2694","0","2691","231","190","0.00095055","0.000816","3146.5583329999936","0","provisional","correct","frozen/labels.jsonl","eb7cd6c3ffbe7a1acbe1c7e52095331b2b492f4054d7e166a298e910dbfd6963"
"pns2r-n500-o0-A","pns2r","test","false","500","0","A","500","0","0","","","","","none","","false","correct","true","false","","1","0","12549","0","12546","105","49","0.0032631000000000005","0.0026358","1771.0503749999916","0","provisional","correct","frozen/labels.jsonl","eb7cd6c3ffbe7a1acbe1c7e52095331b2b492f4054d7e166a298e910dbfd6963"
"p6xjr-n500-o1-A","p6xjr","test","true","500","1","A","500","1","1","true","1","0.944517","250","none","","false","miss-abstain","false","false","","1","0","12521","0","12518","343","292","0.0035417","0.0029158","5224.8254579999775","0","provisional","miss-abstain","frozen/labels.jsonl","eb7cd6c3ffbe7a1acbe1c7e52095331b2b492f4054d7e166a298e910dbfd6963"
"pppcy-n200-o1-A","pppcy","test","false","200","1","A","200","0","0","","","","","none","","false","correct","true","false","","1","0","5142","0","5139","102","45","0.00140775","0.0011508000000000002","1603.3923340000038","0","provisional","miss-abstain","frozen/labels.jsonl","eb7cd6c3ffbe7a1acbe1c7e52095331b2b492f4054d7e166a298e910dbfd6963"
"pu3fh-n200-o0-A","pu3fh","test","false","200","0","A","200","0","0","","","","","none","","false","correct","true","false","","1","0","5130","0","5127","171","116","0.00148755","0.0012312","2882.401332999987","0","provisional","miss-abstain","frozen/labels.jsonl","eb7cd6c3ffbe7a1acbe1c7e52095331b2b492f4054d7e166a298e910dbfd6963"
"ptgpf-n200-o0-B","ptgpf","test","true","200","0","B","15","3","3","true","2","0.913979","0 1 12","none","","false","miss-abstain","false","false","","1","0","571","0","0","51","0","0.0001754","0.0001754","2588.8057090000075","0.34395800000000065","provisional","miss-abstain","frozen/labels.jsonl","eb7cd6c3ffbe7a1acbe1c7e52095331b2b492f4054d7e166a298e910dbfd6963"
"pnyg7-n100-o0-B","pnyg7","test","true","100","0","B","15","1","1","true","1","0.912505","0","none","","false","miss-abstain","false","false","","1","0","703","0","0","157","106","0.000329","0.000329","2430.5501670000085","0.15200000000000102","provisional","miss-abstain","frozen/labels.jsonl","eb7cd6c3ffbe7a1acbe1c7e52095331b2b492f4054d7e166a298e910dbfd6963"
"ptcr8-n500-o1-A","ptcr8","test","false","500","1","A","500","0","0","","","","","none","","false","correct","true","false","","1","0","12491","0","12488","111","68","0.0032558","0.0026314","1749.6592919999966","0","provisional","miss-abstain","frozen/labels.jsonl","eb7cd6c3ffbe7a1acbe1c7e52095331b2b492f4054d7e166a298e910dbfd6963"
"ptwgu-n500-o0-A","ptwgu","test","true","500","0","A","500","1","1","true","2","0.909768","25","same","pqnui","true","correct","true","false","","1","0","12472","0","12469","223","179","0.00338545","0.002762","2727.1591250000056","0","provisional","correct","frozen/labels.jsonl","eb7cd6c3ffbe7a1acbe1c7e52095331b2b492f4054d7e166a298e910dbfd6963"
"ptwgu-n200-o1-A","ptwgu","test","true","200","1","A","200","1","1","true","2","0.909768","100","same","pqnui","true","correct","true","false","","1","0","5127","0","5124","205","161","0.0015275999999999998","0.0012714","2384.4478749999835","0","provisional","correct","frozen/labels.jsonl","eb7cd6c3ffbe7a1acbe1c7e52095331b2b492f4054d7e166a298e910dbfd6963"
"pc3m2-n100-o1-A","pc3m2","test","true","100","1","A","100","1","1","true","1","0.879539","50","none","","false","miss-abstain","false","false","","1","0","2773","0","2770","207","154","0.0009415","0.000803","2421.119166999997","0","provisional","miss-abstain","frozen/labels.jsonl","eb7cd6c3ffbe7a1acbe1c7e52095331b2b492f4054d7e166a298e910dbfd6963"
"paak8-n100-o1-A","paak8","test","true","100","1","A","100","3","3","true","1","0.891907","44 50 73","same","pj2cj","true","correct","true","false","","1","0","2861","0","2858","414","365","0.0012119000000000001","0.001069","5393.947125000006","0","provisional","correct","frozen/labels.jsonl","eb7cd6c3ffbe7a1acbe1c7e52095331b2b492f4054d7e166a298e910dbfd6963"
"pns2r-n100-o1-B","pns2r","test","false","100","1","B","15","0","0","","","","","none","","false","correct","true","false","","1","0","649","0","0","43","0","0.00018140000000000002","0.00018140000000000002","1272.8977910000249","0.15750000000000597","provisional","correct","frozen/labels.jsonl","eb7cd6c3ffbe7a1acbe1c7e52095331b2b492f4054d7e166a298e910dbfd6963"
"ptwgu-n200-o0-A","ptwgu","test","true","200","0","A","200","1","1","true","2","0.909768","10","none","","false","miss-abstain","false","false","","1","0","5127","0","5124","370","325","0.0017255999999999999","0.0014694","5184.369708000013","0","provisional","miss-abstain","frozen/labels.jsonl","eb7cd6c3ffbe7a1acbe1c7e52095331b2b492f4054d7e166a298e910dbfd6963"
"p68um-n200-o1-A","p68um","test","false","200","1","A","200","0","0","","","","","none","","false","correct","true","false","","1","0","5130","0","5127","97","46","0.00139875","0.0011424","1653.5445000000182","0","provisional","correct","frozen/labels.jsonl","eb7cd6c3ffbe7a1acbe1c7e52095331b2b492f4054d7e166a298e910dbfd6963"
"pugud-n100-o1-A","pugud","test","false","100","1","A","100","0","0","","","","","none","","false","correct","true","false","","1","0","2717","0","2714","125","72","0.0008291000000000001","0.0006933999999999999","3423.4486669999897","0","provisional","miss-abstain","frozen/labels.jsonl","eb7cd6c3ffbe7a1acbe1c7e52095331b2b492f4054d7e166a298e910dbfd6963"
"pc3m2-n200-o1-A","pc3m2","test","true","200","1","A","200","1","1","true","1","0.879539","100","none","","false","miss-abstain","false","false","","1","0","5186","0","5183","151","96","0.0014775500000000002","0.0012184000000000001","2165.8624589999963","0","provisional","miss-abstain","frozen/labels.jsonl","eb7cd6c3ffbe7a1acbe1c7e52095331b2b492f4054d7e166a298e910dbfd6963"
"pugud-n500-o1-B","pugud","test","false","500","1","B","15","0","0","","","","","none","","false","correct","true","false","","1","0","657","0","0","117","67","0.0002718","0.0002718","1851.9800410000025","0.816749999999999","provisional","miss-abstain","frozen/labels.jsonl","eb7cd6c3ffbe7a1acbe1c7e52095331b2b492f4054d7e166a298e910dbfd6963"
"pns2r-n200-o1-A","pns2r","test","false","200","1","A","200","0","0","","","","","none","","false","correct","true","false","","1","0","5149","0","5146","97","55","0.0014035","0.0011462","1703.8677920000046","0","provisional","correct","frozen/labels.jsonl","eb7cd6c3ffbe7a1acbe1c7e52095331b2b492f4054d7e166a298e910dbfd6963"
"ptcr8-n500-o0-A","ptcr8","test","false","500","0","A","500","0","0","","","","","none","","false","correct","true","false","","1","0","12491","0","12488","102","59","0.0032450000000000005","0.0026206000000000003","1910.402166999993","0","provisional","miss-abstain","frozen/labels.jsonl","eb7cd6c3ffbe7a1acbe1c7e52095331b2b492f4054d7e166a298e910dbfd6963"
"p6xjr-n100-o0-A","p6xjr","test","true","100","0","A","100","1","1","true","1","0.944517","5","same","pe3ap","true","correct","true","false","","1","0","2772","0","2769","358","307","0.00112245","0.000984","3770.29800000001","0","provisional","correct","frozen/labels.jsonl","eb7cd6c3ffbe7a1acbe1c7e52095331b2b492f4054d7e166a298e910dbfd6963"
"pxn3z-n100-o0-A","pxn3z","test","false","100","0","A","100","0","0","","","","","none","","false","correct","true","false","","1","0","2749","0","2746","79","36","0.0007819","0.0006446000000000001","1362.5704169999808","0","provisional","correct","frozen/labels.jsonl","eb7cd6c3ffbe7a1acbe1c7e52095331b2b492f4054d7e166a298e910dbfd6963"
"ptcr8-n100-o1-A","ptcr8","test","false","100","1","A","100","0","0","","","","","none","","false","correct","true","false","","1","0","2705","0","2702","84","41","0.0007769","0.0006418","1261.5032090000168","0","provisional","miss-abstain","frozen/labels.jsonl","eb7cd6c3ffbe7a1acbe1c7e52095331b2b492f4054d7e166a298e910dbfd6963"
"pu3fh-n100-o1-A","pu3fh","test","false","100","1","A","100","0","0","","","","","none","","false","correct","true","false","","1","0","2714","0","2711","123","69","0.00082595","0.0006904000000000001","1920.857040999981","0","provisional","miss-abstain","frozen/labels.jsonl","eb7cd6c3ffbe7a1acbe1c7e52095331b2b492f4054d7e166a298e910dbfd6963"
"pxn3z-n100-o1-A","pxn3z","test","false","100","1","A","100","0","0","","","","","none","","false","correct","true","false","","1","0","2749","0","2746","79","36","0.0007819","0.0006446000000000001","1823.9225829999777","0","provisional","correct","frozen/labels.jsonl","eb7cd6c3ffbe7a1acbe1c7e52095331b2b492f4054d7e166a298e910dbfd6963"
"pns2r-n200-o0-B","pns2r","test","false","200","0","B","15","0","0","","","","","none","","false","correct","true","false","","1","0","653","0","0","34","0","0.00017139999999999996","0.00017139999999999996","887.9724160000042","0.30766700000000213","provisional","correct","frozen/labels.jsonl","eb7cd6c3ffbe7a1acbe1c7e52095331b2b492f4054d7e166a298e910dbfd6963"
"peqy9-n200-o1-A","peqy9","test","true","200","1","A","200","1","1","true","1","0.906549","100","none","","false","miss-abstain","false","false","","1","0","5197","0","5194","196","137","0.0015343","0.0012746","2600.832166999986","0","provisional","miss-abstain","frozen/labels.jsonl","eb7cd6c3ffbe7a1acbe1c7e52095331b2b492f4054d7e166a298e910dbfd6963"
"p68um-n500-o1-A","p68um","test","false","500","1","A","500","0","0","","","","","none","","false","correct","true","false","","1","0","12502","0","12499","103","63","0.00324895","0.002624","1896.6251250000205","0","provisional","correct","frozen/labels.jsonl","eb7cd6c3ffbe7a1acbe1c7e52095331b2b492f4054d7e166a298e910dbfd6963"
"p68um-n500-o0-B","p68um","test","false","500","0","B","15","0","0","","","","","none","","false","correct","true","false","","1","0","659","0","0","82","41","0.00023019999999999998","0.00023019999999999998","1539.5268749999814","0.8413340000000034","provisional","correct","frozen/labels.jsonl","eb7cd6c3ffbe7a1acbe1c7e52095331b2b492f4054d7e166a298e910dbfd6963"
"ptwgu-n100-o1-A","ptwgu","test","true","100","1","A","100","1","1","true","2","0.909768","50","none","","false","miss-abstain","false","false","","1","0","2683","0","2680","193","135","0.0009022","0.0007682","2322.1161250000005","0","provisional","miss-abstain","frozen/labels.jsonl","eb7cd6c3ffbe7a1acbe1c7e52095331b2b492f4054d7e166a298e910dbfd6963"
"p8jmp-n100-o0-B","p8jmp","test","false","100","0","B","15","0","0","","","","","none","","false","correct","true","false","","1","0","652","0","0","105","53","0.0002564","0.0002564","1808.5026670000225","0.16712499999999864","provisional","miss-abstain","frozen/labels.jsonl","eb7cd6c3ffbe7a1acbe1c7e52095331b2b492f4054d7e166a298e910dbfd6963"
"pppcy-n500-o1-B","pppcy","test","false","500","1","B","15","0","0","","","","","none","","false","correct","true","false","","1","0","667","0","0","46","0","0.0001886","0.0001886","1326.482250000001","0.8338329999999985","provisional","miss-abstain","frozen/labels.jsonl","eb7cd6c3ffbe7a1acbe1c7e52095331b2b492f4054d7e166a298e910dbfd6963"
"paak8-n500-o1-B","paak8","test","true","500","1","B","15","3","3","true","1","0.891907","4 7 10","same","pj2cj","true","correct","true","false","","1","0","778","0","0","172","123","0.000362","0.000362","2291.625708000007","0.7611249999999998","provisional","correct","frozen/labels.jsonl","eb7cd6c3ffbe7a1acbe1c7e52095331b2b492f4054d7e166a298e910dbfd6963"
"ptcr8-n100-o0-A","ptcr8","test","false","100","0","A","100","0","0","","","","","none","","false","correct","true","false","","1","0","2705","0","2702","90","40","0.0007841","0.000649","1741.4581670000043","0","provisional","miss-abstain","frozen/labels.jsonl","eb7cd6c3ffbe7a1acbe1c7e52095331b2b492f4054d7e166a298e910dbfd6963"
"pyr2u-n200-o1-B","pyr2u","test","true","200","1","B","15","1","1","true","1","0.919901","6","same","pfwr5","true","correct","true","false","","1","0","682","0","0","103","58","0.00026","0.00026","1563.6488749999844","0.31741699999999184","provisional","correct","frozen/labels.jsonl","eb7cd6c3ffbe7a1acbe1c7e52095331b2b492f4054d7e166a298e910dbfd6963"
"peqy9-n500-o1-A","peqy9","test","true","500","1","A","500","1","1","true","1","0.906549","250","none","","false","miss-abstain","false","false","","1","0","12565","0","12562","132","83","0.0032995","0.0026714","1940.934333000012","0","provisional","miss-abstain","frozen/labels.jsonl","eb7cd6c3ffbe7a1acbe1c7e52095331b2b492f4054d7e166a298e910dbfd6963"
"p8jmp-n500-o0-A","p8jmp","test","false","500","0","A","500","0","0","","","","","none","","false","correct","true","false","","1","0","12495","0","12492","103","49","0.0032472","0.0026226","1659.705874999985","0","provisional","miss-abstain","frozen/labels.jsonl","eb7cd6c3ffbe7a1acbe1c7e52095331b2b492f4054d7e166a298e910dbfd6963"
"pyr2u-n200-o0-A","pyr2u","test","true","200","0","A","200","1","1","true","1","0.919901","10","same","pfwr5","true","correct","true","false","","1","0","5164","0","5161","42","0","0.00134125","0.0010832","1094.6057919999876","0","provisional","correct","frozen/labels.jsonl","eb7cd6c3ffbe7a1acbe1c7e52095331b2b492f4054d7e166a298e910dbfd6963"
"p8jmp-n200-o1-A","p8jmp","test","false","200","1","A","200","0","0","","","","","none","","false","correct","true","false","","1","0","5129","0","5126","92","38","0.0013925","0.0011362","1464.8536659999809","0","provisional","miss-abstain","frozen/labels.jsonl","eb7cd6c3ffbe7a1acbe1c7e52095331b2b492f4054d7e166a298e910dbfd6963"
"pu3fh-n200-o1-A","pu3fh","test","false","200","1","A","200","0","0","","","","","none","","false","correct","true","false","","1","0","5130","0","5127","175","124","0.00149235","0.001236","2282.752542000002","0","provisional","miss-abstain","frozen/labels.jsonl","eb7cd6c3ffbe7a1acbe1c7e52095331b2b492f4054d7e166a298e910dbfd6963"
"pyr2u-n500-o1-A","pyr2u","test","true","500","1","A","500","1","1","true","1","0.919901","250","same","pfwr5","true","correct","true","false","","1","0","12538","0","12535","89","41","0.00324115","0.0026144000000000007","1606.4468750000233","0","provisional","correct","frozen/labels.jsonl","eb7cd6c3ffbe7a1acbe1c7e52095331b2b492f4054d7e166a298e910dbfd6963"
"p6xjr-n200-o1-B","p6xjr","test","true","200","1","B","15","1","1","true","1","0.944517","10","none","","false","miss-abstain","false","false","","1","0","694","0","0","188","135","0.00036439999999999997","0.00036439999999999997","2515.9112920000043","0.2978750000000048","provisional","miss-abstain","frozen/labels.jsonl","eb7cd6c3ffbe7a1acbe1c7e52095331b2b492f4054d7e166a298e910dbfd6963"
"ptwgu-n500-o0-B","ptwgu","test","true","500","0","B","15","1","1","true","2","0.909768","1","none","","false","miss-abstain","false","false","","1","0","656","0","0","289","233","0.000478","0.000478","3129.5274169999757","0.7912500000000051","provisional","miss-abstain","frozen/labels.jsonl","eb7cd6c3ffbe7a1acbe1c7e52095331b2b492f4054d7e166a298e910dbfd6963"
"pppcy-n500-o0-A","pppcy","test","false","500","0","A","500","0","0","","","","","none","","false","correct","true","false","","1","0","12549","0","12546","113","59","0.0032727000000000003","0.0026454","1950.2033749999828","0","provisional","miss-abstain","frozen/labels.jsonl","eb7cd6c3ffbe7a1acbe1c7e52095331b2b492f4054d7e166a298e910dbfd6963"
"p8jmp-n100-o1-B","p8jmp","test","false","100","1","B","15","0","0","","","","","none","","false","correct","true","false","","1","0","652","0","0","105","48","0.0002564","0.0002564","1489.8812920000055","0.16712499999999864","provisional","miss-abstain","frozen/labels.jsonl","eb7cd6c3ffbe7a1acbe1c7e52095331b2b492f4054d7e166a298e910dbfd6963"
"peqy9-n200-o0-B","peqy9","test","true","200","0","B","15","1","1","true","1","0.906549","0","none","","false","miss-abstain","false","false","","1","0","629","0","0","164","108","0.00032260000000000004","0.00032260000000000004","2317.2079170000216","0.3171249999999901","provisional","miss-abstain","frozen/labels.jsonl","eb7cd6c3ffbe7a1acbe1c7e52095331b2b492f4054d7e166a298e910dbfd6963"
"pymzr-n100-o1-B","pymzr","test","true","100","1","B","15","1","1","true","1","0.94721","8","none","","false","miss-abstain","false","false","","1","0","732","0","0","106","61","0.00027360000000000004","0.00027360000000000004","1575.7357499999925","0.16275000000000261","provisional","miss-abstain","frozen/labels.jsonl","eb7cd6c3ffbe7a1acbe1c7e52095331b2b492f4054d7e166a298e910dbfd6963"
"ptwgu-n200-o0-B","ptwgu","test","true","200","0","B","15","1","1","true","2","0.909768","1","none","","false","miss-abstain","false","false","","1","0","631","0","0","194","141","0.000359","0.000359","2663.388957999996","0.3064999999999998","provisional","miss-abstain","frozen/labels.jsonl","eb7cd6c3ffbe7a1acbe1c7e52095331b2b492f4054d7e166a298e910dbfd6963"
"p8jmp-n500-o0-B","p8jmp","test","false","500","0","B","15","0","0","","","","","none","","false","correct","true","false","","1","0","632","0","0","116","71","0.0002656","0.0002656","1585.1770839999954","0.8260000000000005","provisional","miss-abstain","frozen/labels.jsonl","eb7cd6c3ffbe7a1acbe1c7e52095331b2b492f4054d7e166a298e910dbfd6963"
"pqeyn-n500-o1-B","pqeyn","test","false","500","1","B","15","0","0","","","","","none","","false","correct","true","false","","1","0","645","0","0","131","90","0.00028619999999999996","0.00028619999999999996","2011.8221660000272","0.7787500000000023","provisional","miss-abstain","frozen/labels.jsonl","eb7cd6c3ffbe7a1acbe1c7e52095331b2b492f4054d7e166a298e910dbfd6963"
"peqy9-n500-o0-A","peqy9","test","true","500","0","A","500","1","1","true","1","0.906549","25","none","","false","miss-abstain","false","false","","1","0","12565","0","12562","134","81","0.0033019","0.0026738","2156.368625000003","0","provisional","miss-abstain","frozen/labels.jsonl","eb7cd6c3ffbe7a1acbe1c7e52095331b2b492f4054d7e166a298e910dbfd6963"
"pugud-n500-o1-A","pugud","test","false","500","1","A","500","0","0","","","","","none","","false","correct","true","false","","1","0","12519","0","12516","119","69","0.0032724000000000004","0.0026466000000000003","2125.6442079999833","0","provisional","miss-abstain","frozen/labels.jsonl","eb7cd6c3ffbe7a1acbe1c7e52095331b2b492f4054d7e166a298e910dbfd6963"
"pppcy-n500-o0-B","pppcy","test","false","500","0","B","15","0","0","","","","","none","","false","correct","true","false","","1","0","667","0","0","113","62","0.000269","0.000269","1823.4837080000143","0.8338329999999985","provisional","miss-abstain","frozen/labels.jsonl","eb7cd6c3ffbe7a1acbe1c7e52095331b2b492f4054d7e166a298e910dbfd6963"
"ptcr8-n200-o1-B","ptcr8","test","false","200","1","B","15","0","0","","","","","none","","false","correct","true","false","","1","0","635","0","0","98","55","0.0002446","0.0002446","1325.683416999993","0.33387499999999903","provisional","miss-abstain","frozen/labels.jsonl","eb7cd6c3ffbe7a1acbe1c7e52095331b2b492f4054d7e166a298e910dbfd6963"
"p8jmp-n200-o1-B","p8jmp","test","false","200","1","B","15","0","0","","","","","none","","false","correct","true","false","","1","0","684","0","0","105","46","0.0002628","0.0002628","1616.5379580000008","0.3242910000000023","provisional","miss-abstain","frozen/labels.jsonl","eb7cd6c3ffbe7a1acbe1c7e52095331b2b492f4054d7e166a298e910dbfd6963"
"pnyg7-n500-o0-A","pnyg7","test","true","500","0","A","500","1","1","true","1","0.912505","25","same","pptwk","true","correct","true","false","","1","0","12528","0","12525","105","57","0.00325785","0.0026316000000000004","2100.294082999986","0","provisional","correct","frozen/labels.jsonl","eb7cd6c3ffbe7a1acbe1c7e52095331b2b492f4054d7e166a298e910dbfd6963"
"pxn3z-n100-o0-B","pxn3z","test","false","100","0","B","15","0","0","","","","","none","","false","correct","true","false","","1","0","722","0","0","66","24","0.00022360000000000001","0.00022360000000000001","1577.6512499999953","0.162666999999999","provisional","correct","frozen/labels.jsonl","eb7cd6c3ffbe7a1acbe1c7e52095331b2b492f4054d7e166a298e910dbfd6963"
"paak8-n100-o0-A","paak8","test","true","100","0","A","100","3","3","true","1","0.891907","3 5 11","same","pj2cj","true","correct","true","false","","1","0","2861","0","2858","329","278","0.0011099","0.000967","7310.524124999996","0","provisional","correct","frozen/labels.jsonl","eb7cd6c3ffbe7a1acbe1c7e52095331b2b492f4054d7e166a298e910dbfd6963"
"pktbx-n100-o1-B","pktbx","test","true","100","1","B","15","2","2","true","1","0.887918","7 10","none","","false","miss-abstain","false","false","","1","0","627","0","0","150","105","0.0003054","0.0003054","1967.3586669999931","0.15862500000000068","provisional","miss-abstain","frozen/labels.jsonl","eb7cd6c3ffbe7a1acbe1c7e52095331b2b492f4054d7e166a298e910dbfd6963"
"pqeyn-n200-o1-A","pqeyn","test","false","200","1","A","200","0","0","","","","","none","","false","correct","true","false","","1","0","5155","0","5152","33","0","0.0013281999999999999","0.0010706","1017.7780000000203","0","provisional","miss-abstain","frozen/labels.jsonl","eb7cd6c3ffbe7a1acbe1c7e52095331b2b492f4054d7e166a298e910dbfd6963"
"pqeyn-n100-o0-B","pqeyn","test","false","100","0","B","15","0","0","","","","","none","","false","correct","true","false","","1","0","620","0","0","145","97","0.000298","0.000298","2909.9628749999974","0.1495829999999998","provisional","miss-abstain","frozen/labels.jsonl","eb7cd6c3ffbe7a1acbe1c7e52095331b2b492f4054d7e166a298e910dbfd6963"
"pu3fh-n200-o0-B","pu3fh","test","false","200","0","B","15","0","0","","","","","none","","false","correct","true","false","","1","0","627","0","0","123","73","0.000273","0.000273","1722.7368750000023","0.31845899999999716","provisional","miss-abstain","frozen/labels.jsonl","eb7cd6c3ffbe7a1acbe1c7e52095331b2b492f4054d7e166a298e910dbfd6963"
"pu3fh-n100-o0-B","pu3fh","test","false","100","0","B","15","0","0","","","","","none","","false","correct","true","false","","1","0","627","0","0","131","77","0.00028260000000000004","0.00028260000000000004","1643.7609170000069","0.15979199999999594","provisional","miss-abstain","frozen/labels.jsonl","eb7cd6c3ffbe7a1acbe1c7e52095331b2b492f4054d7e166a298e910dbfd6963"
"p8jmp-n100-o0-A","p8jmp","test","false","100","0","A","100","0","0","","","","","none","","false","correct","true","false","","1","0","2688","0","2685","107","53","0.00080025","0.000666","1972.8264999999956","0","provisional","miss-abstain","frozen/labels.jsonl","eb7cd6c3ffbe7a1acbe1c7e52095331b2b492f4054d7e166a298e910dbfd6963"
"pqeyn-n500-o1-A","pqeyn","test","false","500","1","A","500","0","0","","","","","none","","false","correct","true","false","","1","0","12496","0","12493","154","111","0.0033086500000000007","0.0026840000000000006","2417.240582999977","0","provisional","miss-abstain","frozen/labels.jsonl","eb7cd6c3ffbe7a1acbe1c7e52095331b2b492f4054d7e166a298e910dbfd6963"
"pqeyn-n200-o0-B","pqeyn","test","false","200","0","B","15","0","0","","","","","none","","false","correct","true","false","","1","0","643","0","0","98","57","0.00024619999999999997","0.00024619999999999997","1730.9369579999766","0.30008399999999824","provisional","miss-abstain","frozen/labels.jsonl","eb7cd6c3ffbe7a1acbe1c7e52095331b2b492f4054d7e166a298e910dbfd6963"
"pppcy-n200-o1-B","pppcy","test","false","200","1","B","15","0","0","","","","","none","","false","correct","true","false","","1","0","644","0","0","45","0","0.0001828","0.0001828","1116.5882920000004","0.3293329999999983","provisional","miss-abstain","frozen/labels.jsonl","eb7cd6c3ffbe7a1acbe1c7e52095331b2b492f4054d7e166a298e910dbfd6963"
